{
  "coefficients": [
    [
      -1.390568422288447,
      -0.5502635816734265,
      -0.09697367306087291,
      0.020293854090319207,
      -1.4820653708859632,
      0.01153535055076035,
      -0.07390619634893704,
      0.04741883704797127
    ],
    [
      1.509119076782388,
      0.6514808184101415,
      -0.09202463059605064,
      -0.15183204515617896,
      1.5839998544072473,
      -0.1410015418458841,
      0.07513689995235323,
      0.3362951850548282
    ],
    [
      -0.11855065449402921,
      -0.10121723673659229,
      0.18899830365696335,
      0.13153819106557182,
      -0.10193448352127525,
      0.12946619129514675,
      -0.0012307036040486554,
      -0.3837140221048413
    ]
  ],
  "intercepts": [
    -0.32427353687877647,
    0.0845753566823398,
    0.2396981801984638
  ],
  "featureMeans": [
    2.1889231787189387,
    3.5423393245765036,
    3.104627006150815,
    71.08874173554787,
    1739.5330035306463,
    38.342102251342276,
    0.37416580080538026,
    0.23916446716571685
  ],
  "featureStds": [
    1.0337631678354338,
    2.529439859071957,
    0.8792282603663355,
    284.78134324558613,
    562.1874634950981,
    28.375701737062137,
    0.4839067620038479,
    0.651724444734668
  ],
  "featureNames": [
    "innings",
    "wicketsDown",
    "runRate",
    "lead",
    "ballsRemaining",
    "runsPerWicket",
    "isChasing",
    "requiredRunRate"
  ]
}